EntryTime,ExitTime,Ticker,EntryPrice,ExitPrice,Shares,Allocation,PnL,Cost,PredictedReturn,ActualReturn
2024-06-25,2024-06-26,CRM,238.644723,239.872871,175.697489,41929.2785,173.7455,42.0372,0.03813861,0.00574962
2024-06-25,2024-06-26,PANW,161.388398,162.581216,184.051278,29703.7409,189.7261,29.8135,0.024231,0.00799559
2024-06-25,2024-06-26,UNP,215.370531,214.809058,131.712452,28366.9806,-102.2829,28.33,0.02314053,-0.00200839
2024-06-26,2024-06-27,CRM,240.016838,249.442128,169.801099,40755.1229,1558.8692,41.5553,0.03647714,0.03989303
2024-06-26,2024-06-27,AMAT,228.674493,228.8917,146.814873,33572.8167,-1.6995,33.5888,0.02889547,0.0015506
2024-06-26,2024-06-27,TJX,108.200976,108.145853,239.676664,25933.249,-39.1384,25.9266,0.02232024,9.042e-05
2024-06-27,2024-06-28,BA,182.564748,181.955392,241.976066,44176.2994,-191.5521,44.1026,0.04091259,-0.00273958
2024-06-27,2024-06-28,AMAT,229.029076,232.297569,126.223837,28908.9288,383.4465,29.1152,0.02238432,0.01487983
2024-06-27,2024-06-28,AVGO,156.030361,157.791317,183.900053,28693.9917,294.984,28.8559,0.0222179,0.01189294
2024-06-28,2024-07-01,PANW,169.555856,170.398862,217.950233,36954.7384,146.6867,37.0466,0.0346096,0.00557501
2024-06-28,2024-07-01,NOW,157.3812,157.74467,227.260152,35766.4755,46.7945,35.8078,0.03349674,0.00291105
2024-06-28,2024-07-01,META,501.472418,501.628855,58.91627,29544.8843,-20.3328,29.5495,0.02766997,0.00091232
2024-07-01,2024-07-02,NOW,157.839345,158.77436,239.35048,37778.923,185.9054,37.8908,0.03052184,0.00652757
2024-07-01,2024-07-02,AVGO,161.354437,162.896963,213.369975,34428.1923,294.5359,34.5928,0.02781476,0.01016578
2024-07-01,2024-07-02,UBER,71.121328,70.648797,425.078269,30232.1312,-230.9945,30.1317,0.02442474,-0.00604782
2024-07-02,2024-07-03,AVGO,162.99473,169.947566,215.473918,35121.1131,1462.2846,35.8702,0.03174786,0.0432826
2024-07-02,2024-07-03,NOW,158.869653,157.136851,217.013193,34476.8107,-410.3297,34.2888,0.03116544,-0.01031344
2024-07-02,2024-07-03,DHR,237.961885,237.413557,139.059116,33090.7695,-109.3027,33.0526,0.02991253,-0.00170547
2024-07-03,2024-07-05,ORCL,141.40946,141.76509,258.346568,36532.6487,55.2972,36.5786,0.0289062,0.00311658
2024-07-03,2024-07-05,MU,135.907734,130.644129,252.613618,34332.1444,-1363.3255,33.6673,0.02716507,-0.03815231
2024-07-03,2024-07-05,ABBV,153.154682,156.248522,213.944176,32766.5522,628.8114,33.0975,0.0259263,0.02081305
2024-07-05,2024-07-08,LOW,205.940929,208.954354,172.787635,35584.0462,484.8382,35.8444,0.02704553,0.01524143
2024-07-05,2024-07-08,ORCL,141.850175,141.960863,246.435467,34956.914,-7.6931,34.9706,0.02656888,0.00138096
2024-07-05,2024-07-08,MU,130.722539,129.854221,247.938637,32411.1682,-247.5933,32.3035,0.02463399,-0.00604626
2024-07-08,2024-07-09,AVGO,171.685905,170.349499,214.668932,36855.6298,-323.597,36.7122,0.02727633,-0.00718851
2024-07-08,2024-07-09,NOW,153.285977,148.757361,226.096075,34657.3578,-1058.0477,34.1454,0.02564942,-0.02896113
2024-07-08,2024-07-09,MU,129.932156,130.301352,243.732525,31668.6925,58.2713,31.7137,0.02343755,0.00344333
2024-07-09,2024-07-10,MU,130.379556,135.517789,282.310325,36807.4949,1413.0433,37.5328,0.02899559,0.04003364
2024-07-09,2024-07-10,GILD,64.416109,65.318038,509.527425,32821.774,426.506,33.0516,0.02585578,0.01461019
2024-07-09,2024-07-10,CAT,317.508188,319.672777,101.506163,32229.0378,187.3802,32.3389,0.02538885,0.0074217
2024-07-10,2024-07-11,GILD,65.35724,66.477144,628.398344,41070.3815,662.3235,41.4223,0.02976773,0.01774558
2024-07-10,2024-07-11,NOW,148.674594,149.783055,213.313416,31714.2854,204.617,31.8325,0.02298645,0.00806027
2024-07-10,2024-07-11,ORCL,139.146971,140.133454,223.508777,31100.5694,189.2767,31.2108,0.02254163,0.00769394
2024-07-11,2024-07-12,MU,129.474835,132.695912,288.297888,37327.3216,890.838,37.7916,0.026339,0.02549313
2024-07-11,2024-07-12,ORCL,140.217559,142.106479,241.172641,33816.6391,421.5114,34.0444,0.02386179,0.01407962
2024-07-11,2024-07-12,INTU,621.35145,633.350831,54.393521,33797.4928,618.5648,34.1238,0.02384828,0.01992352
2024-07-12,2024-07-15,META,496.151578,493.160357,76.891078,38149.6297,-268.0328,38.0346,0.03032026,-0.00543228
2024-07-12,2024-07-15,AMZN,194.548352,192.662185,181.988577,35405.5779,-378.4948,35.2339,0.02813936,-0.00910075
2024-07-12,2024-07-15,INTC,34.282872,34.232502,971.831058,33317.1602,-82.2441,33.2927,0.02647955,-0.00086996
2024-07-15,2024-07-16,NOW,153.616078,152.112357,282.870734,43453.4928,-468.5995,43.2408,0.0483303,-0.00919452
2024-07-15,2024-07-16,INTU,649.753095,657.226601,57.602133,37427.1643,392.8475,37.6424,0.03937143,0.01210915
2024-07-15,2024-07-16,AVGO,168.572499,166.466494,149.86394,25262.9389,-340.7193,25.1051,0.02657529,-0.01190049
2024-07-16,2024-07-17,ANET,89.58437,84.144747,407.627038,36517.0114,-2252.7457,35.4083,0.03112652,-0.06015693
2024-07-16,2024-07-17,AVGO,166.566404,153.296984,212.105981,35329.7304,-2848.4458,33.9225,0.0301145,-0.07911208
2024-07-16,2024-07-17,AMD,177.603268,159.382164,190.764411,33880.3829,-3508.0807,32.1424,0.0288791,-0.10205582
2024-07-17,2024-07-18,NOW,147.258169,147.709672,252.854149,37234.8389,76.8725,37.2919,0.04207717,0.00366808
2024-07-17,2024-07-18,MU,118.807047,116.698882,265.957586,31597.6354,-591.9999,31.3173,0.03570685,-0.01715492
2024-07-17,2024-07-18,SPGI,483.565711,478.165406,58.49335,28285.3783,-344.0094,28.1274,0.03196384,-0.0105742
2024-07-18,2024-07-19,MU,116.768922,113.529293,317.928879,37124.2126,-1066.5809,36.6092,0.04721465,-0.0271604
2024-07-18,2024-07-19,SCHW,60.875011,60.652865,496.628784,30232.2828,-140.5014,30.1771,0.03844948,-0.00305123
2024-07-18,2024-07-19,NOW,147.798324,150.194933,195.551747,28902.2205,439.5246,29.1366,0.0367579,0.01682532
2024-07-19,2024-07-22,LRCX,90.24474,96.08624,373.274099,33686.0238,2145.7044,34.7763,0.05422328,0.06536856
2024-07-19,2024-07-22,MU,113.597431,114.54276,296.478158,33679.1572,246.4501,33.8193,0.05421222,0.00892692
2024-07-19,2024-07-22,AMAT,207.094351,219.973432,135.812382,28125.9772,1720.1381,29.0005,0.04527345,0.06282694
2024-07-22,2024-07-23,LRCX,96.143909,94.378035,391.010719,37593.2989,-727.7236,37.2481,0.03943597,-0.01777783
2024-07-22,2024-07-23,AMD,155.916756,153.9538,206.8656,32253.8134,-438.1189,32.0508,0.03383477,-0.01199715
2024-07-22,2024-07-23,UNH,537.091194,533.088256,55.402767,29756.3385,-251.4193,29.6455,0.03121488,-0.00685729
2024-07-23,2024-07-24,LRCX,94.434679,89.478611,438.448815,41404.773,-2213.3003,40.3183,0.04804394,-0.05191276
2024-07-23,2024-07-24,CRM,253.153911,246.797063,116.836867,29577.71,-771.9206,29.2064,0.03040903,-0.0245255
2024-07-23,2024-07-24,INTU,628.943021,611.9316,43.253053,27203.706,-762.6317,26.8358,0.0279683,-0.02646369
2024-07-24,2024-07-25,MU,109.640503,106.762838,356.947453,39135.8981,-1065.7975,38.6223,0.10608442,-0.02566194
2024-07-24,2024-07-25,AMD,144.673394,138.278511,217.65807,31489.3317,-1422.6912,30.7934,0.07853171,-0.04362855
2024-07-24,2024-07-25,LRCX,89.532314,86.94632,265.972199,23813.1065,-711.2717,23.4692,0.05938786,-0.02830051
2024-07-25,2024-07-26,AMD,138.361503,139.948008,295.480207,40883.0857,427.6634,41.1175,0.21939184,0.01207344
2024-07-25,2024-07-26,MU,106.826915,108.710305,382.703983,40883.0857,679.5374,41.2435,0.17653728,0.01824106
2024-07-25,2024-07-26,GILD,72.7343,73.165712,130.232981,9472.4047,46.6835,9.5005,0.04044199,0.00653508
2024-07-26,2024-07-29,AMD,140.032002,139.708075,388.707654,54431.5112,-180.2817,54.3686,0.22074512,-0.00171445
2024-07-26,2024-07-29,GOOGL,165.870898,168.282813,120.240083,19944.3306,269.9195,20.0893,0.04487068,0.01514982
2024-07-26,2024-07-29,SBUX,70.825372,71.882154,254.380855,18016.6186,250.674,18.151,0.04053372,0.01553008
2024-07-29,2024-07-30,AMD,139.791925,138.39847,438.154232,61250.4236,-671.4932,60.9451,0.21943131,-0.00937386
2024-07-29,2024-07-30,NVDA,111.569685,103.648912,154.162903,17199.9066,-1237.6788,16.5894,0.03102666,-0.07043639
2024-07-29,2024-07-30,GOOGL,168.383813,169.03721,84.820754,14282.4421,41.1115,14.3102,0.02576389,0.00448291
2024-07-30,2024-07-31,MU,101.965273,109.117691,385.339354,39291.2323,2715.439,40.6693,0.2336549,0.07078791
2024-07-30,2024-07-31,AMD,138.481534,144.436652,283.729036,39291.2323,1649.5036,40.1361,0.21856722,0.04362896
2024-07-30,2024-07-31,QCOM,160.617339,173.992266,76.468999,12282.2471,1009.9737,12.7936,0.06462563,0.08392216
2024-07-31,2024-08-01,BMY,43.844189,44.379893,761.000772,33365.4615,374.1024,33.5693,0.02669052,0.01282589
2024-07-31,2024-08-01,C,61.674484,60.117454,511.682829,31557.7742,-827.8649,31.1594,0.02524447,-0.02466091
2024-07-31,2024-08-01,AMAT,209.005157,193.228559,149.835501,31316.3924,-2394.0289,30.1344,0.02505138,-0.07492938
2024-08-01,2024-08-02,MU,100.921365,92.107156,423.42894,42733.0267,-3773.0584,40.8669,0.19915853,-0.08678964
2024-08-01,2024-08-02,AMD,132.579755,132.46025,322.319397,42733.0267,-81.2326,42.7138,0.19561521,-0.00030175
2024-08-01,2024-08-02,QCOM,157.788671,153.184347,50.230368,7925.7831,-239.087,7.8101,0.03163475,-0.02859765
2024-08-02,2024-08-05,MU,92.162437,89.841745,343.772026,31682.8675,-829.0728,31.284,0.22929245,-0.02459538
2024-08-02,2024-08-05,INTC,21.351002,19.977239,1395.601318,29797.4867,-1946.0639,28.8389,0.21564774,-0.06378027
2024-08-02,2024-08-05,LRCX,75.080134,75.761849,370.51218,27818.1043,224.639,27.9444,0.20132273,0.00968545
2024-08-05,2024-08-06,MU,89.895666,88.430822,326.393338,29341.3466,-507.2177,29.1023,0.22427912,-0.01570454
2024-08-05,2024-08-06,LRCX,75.807319,75.740226,381.24108,28900.8643,-54.4669,28.8881,0.22091216,-0.00028541
2024-08-05,2024-08-06,INTC,19.989229,19.699088,1426.055472,28505.7499,-442.056,28.2989,0.21789199,-0.0139234
2024-08-06,2024-08-07,MU,88.483897,86.244901,330.500655,29243.9857,-768.8634,28.874,0.23043555,-0.02471899
2024-08-06,2024-08-07,LRCX,75.785684,73.564891,380.045467,28802.0055,-872.382,28.38,0.22695285,-0.02872099
2024-08-06,2024-08-07,INTC,19.710911,18.984303,1405.22315,27698.229,-1048.235,27.1877,0.21825536,-0.03628521
2024-08-07,2024-08-08,MU,86.296664,91.481207,333.904823,28814.8722,1701.4635,29.6804,0.24019487,0.06071438
2024-08-07,2024-08-08,LRCX,73.609044,78.588202,383.480885,28227.6612,1880.2299,29.1824,0.2353,0.06828408
2024-08-07,2024-08-08,INTC,18.995697,20.483853,1369.373641,26012.2064,2010.8105,27.0311,0.21683242,0.07898894
2024-08-08,2024-08-09,INTC,20.496147,19.704086,2425.882751,49721.2489,-1970.2069,48.7605,0.21691037,-0.03806738
2024-08-08,2024-08-09,UBER,69.030705,68.519439,292.522316,20193.0217,-169.675,20.1182,0.05130268,-0.00681062
2024-08-08,2024-08-09,LLY,835.352154,880.647348,22.425241,18732.973,996.5148,19.2409,0.04759326,0.0548556
2024-08-09,2024-08-12,INTC,19.715912,19.354193,2632.521674,51902.5659,-1003.6608,51.4264,0.22987692,-0.01775741
2024-08-09,2024-08-12,LLY,881.175895,873.437719,22.466639,19797.0603,-193.5609,19.7101,0.04833394,-0.00818674
2024-08-09,2024-08-12,PANW,165.789727,165.500338,95.327078,15804.2503,-43.3771,15.7905,0.03858561,-0.00114639
2024-08-12,2024-08-13,INTC,19.365809,20.463858,2484.832249,48120.7858,2678.9843,49.485,0.24060811,0.05733464
2024-08-12,2024-08-13,LLY,873.961939,896.814859,28.195364,24641.6753,619.3826,24.9638,0.07216437,0.02676452
2024-08-12,2024-08-13,KLAC,746.927319,782.239562,18.075141,13500.8166,624.4538,13.82,0.03953781,0.04790523
2024-08-13,2024-08-14,INTC,20.47614,19.914024,2324.835052,47603.6487,-1353.7778,46.9502,0.23161736,-0.02686855
2024-08-13,2024-08-14,KLAC,782.709046,782.298748,30.726936,24050.2508,-36.6512,24.0439,0.07288628,7.566e-05
2024-08-13,2024-08-14,AVGO,153.565969,154.977556,120.679073,18532.1988,151.7317,18.6174,0.05616336,0.00979775
2024-08-14,2024-08-15,INTC,19.925976,20.683794,2753.285987,54861.9107,2030.583,55.9052,0.24231622,0.03865464
2024-08-14,2024-08-15,AVGO,155.07057,163.272399,130.3161,20208.192,1048.0878,20.7426,0.04750952,0.05352287
2024-08-14,2024-08-15,ANET,87.188647,89.123257,159.164053,13877.2984,293.889,14.0313,0.03262557,0.02280227
2024-08-15,2024-08-16,INTC,20.696208,20.86374,1823.491203,37739.3524,267.6016,37.8921,0.07362272,0.00869987
2024-08-15,2024-08-16,MS,96.627246,97.336932,301.106622,29095.1037,184.4893,29.2019,0.05386424,0.00794917
2024-08-15,2024-08-16,KLAC,825.984232,809.081483,30.854711,25485.5048,-546.7542,25.2247,0.04718173,-0.01987587
2024-08-16,2024-08-19,KLAC,809.567077,809.950179,46.912721,37978.9944,-20.0156,37.988,0.04243855,0.00107368
2024-08-16,2024-08-19,AVGO,162.967195,164.825217,167.652997,27321.9387,284.0253,27.4777,0.0284882,0.01200823
2024-08-16,2024-08-19,PEP,161.943909,162.971876,166.257346,26924.3645,143.8974,27.0098,0.02807365,0.00695167
2024-08-19,2024-08-20,KLAC,810.436295,801.183828,41.530575,33657.8851,-417.726,33.4658,0.03622833,-0.01082332
2024-08-19,2024-08-20,ADI,219.857594,217.333477,145.763466,32047.2049,-399.7872,31.8632,0.03449464,-0.0108874
2024-08-19,2024-08-20,AVGO,164.924142,163.095481,163.27576,26928.1146,-325.3548,26.7788,0.0289846,-0.01049437
2024-08-20,2024-08-21,BA,172.151636,173.377964,207.357308,35696.8999,218.4639,35.824,0.04453938,0.00772799
2024-08-20,2024-08-21,KLAC,801.664683,816.554582,39.123893,31364.2435,550.8953,31.6555,0.03913348,0.01918505
2024-08-20,2024-08-21,CVX,135.598056,136.106784,180.158875,24429.1931,67.177,24.475,0.03048055,0.00435417
2024-08-21,2024-08-22,BA,173.482022,172.708167,219.341927,38051.8809,-207.7059,37.967,0.04297477,-0.00386322
2024-08-21,2024-08-22,MCD,278.314945,277.667956,104.946168,29208.0871,-97.0731,29.1741,0.03072377,-0.00172588
2024-08-21,2024-08-22,SBUX,89.276081,88.885954,280.779629,25066.9047,-134.5516,25.0121,0.02636769,-0.00377233
2024-08-22,2024-08-23,ISRG,490.577122,486.404023,72.389251,35512.5103,-337.449,35.3615,0.04296877,-0.00791143
2024-08-22,2024-08-23,KLAC,788.773976,807.373621,36.410377,28719.5582,648.1619,29.0582,0.03474956,0.02419478
2024-08-22,2024-08-23,HON,182.845945,184.87282,151.250134,27655.4736,278.7565,27.8088,0.03346206,0.01169199
2024-08-23,2024-08-26,SBUX,90.469256,91.963263,380.856584,34455.8118,534.262,34.7403,0.03158731,0.01712406
2024-08-23,2024-08-26,BA,175.012495,173.427952,170.800197,29892.1685,-300.3971,29.7568,0.0274036,-0.00845914
2024-08-23,2024-08-26,AAPL,225.427242,225.629694,124.780976,28129.0313,-2.8796,28.1417,0.02578725,0.0014988
2024-08-26,2024-08-27,WMT,75.011259,75.064861,457.768369,34337.7815,-9.8126,34.3501,0.03897776,0.0013152
2024-08-26,2024-08-27,SBUX,92.018457,94.81937,347.567289,31982.6058,941.0362,32.4694,0.03630433,0.03105704
2024-08-26,2024-08-27,KLAC,789.218506,802.388179,33.435113,26387.6096,413.7217,26.6078,0.0299533,0.01729717
2024-08-27,2024-08-28,PANW,175.14753,175.167435,215.111104,37676.1785,-33.3964,37.6783,0.06276533,0.0007139
2024-08-27,2024-08-28,SBUX,94.876278,91.645906,325.859971,30916.3814,-1083.039,30.3901,0.05131679,-0.03346851
2024-08-27,2024-08-28,AVGO,158.709113,155.459116,160.421679,25460.3823,-546.5696,25.1997,0.04226061,-0.0198898
2024-08-28,2024-08-29,PANW,175.272567,179.051264,211.42728,37057.4022,761.4628,37.4569,0.04560009,0.02217209
2024-08-28,2024-08-29,SBUX,91.700911,91.222785,320.192107,29361.9078,-182.3773,29.2854,0.03588504,-0.00461691
2024-08-28,2024-08-29,MU,94.309931,94.958808,275.375317,25970.6272,152.6248,26.06,0.03174034,0.00748457
2024-08-29,2024-08-30,PANW,179.158727,181.305593,226.664251,40608.8788,445.7654,40.8522,0.0625749,0.01259041
2024-08-29,2024-08-30,C,59.388695,60.082037,458.343989,27220.4515,290.4098,27.3793,0.03475488,0.01228183
2024-08-29,2024-08-30,KLAC,786.037743,808.943218,32.176976,25292.3172,711.3681,25.6608,0.03229306,0.0297581
2024-08-30,2024-09-03,PANW,181.414409,177.481743,210.763118,38235.4663,-866.6819,37.821,0.0552954,-0.02109063
2024-08-30,2024-09-03,SBUX,90.998483,89.607196,359.37403,32702.4914,-532.4447,32.4525,0.04606547,-0.01469811
2024-08-30,2024-09-03,ANET,88.371505,81.655496,267.407837,23631.233,-1818.6466,22.7333,0.03328749,-0.07544288
2024-09-03,2024-09-04,PANW,177.588264,173.023074,245.534422,43604.0319,-1163.9548,43.0436,0.0652961,-0.02512184
2024-09-03,2024-09-04,SBUX,89.660977,88.789777,268.906537,24110.4228,-258.2647,23.9933,0.0256978,-0.00912226
2024-09-03,2024-09-04,ADI,213.649815,216.538352,110.634137,23636.963,295.774,23.7967,0.02519317,0.01412825
2024-09-04,2024-09-05,ETN,283.499361,280.336833,132.152379,37465.1151,-455.1918,37.2561,0.04042491,-0.01056184
2024-09-04,2024-09-05,SBUX,88.843066,88.049299,317.482322,28206.1031,-280.0872,28.0801,0.02787647,-0.00833967
2024-09-04,2024-09-05,CAT,329.253257,325.938658,74.574066,24553.754,-271.6133,24.4302,0.0242668,-0.00947288
2024-09-05,2024-09-06,TSLA,230.239049,210.666777,178.126345,41011.6402,-3525.6058,39.2685,0.06637301,-0.08445932
2024-09-05,2024-09-06,ADI,213.991699,208.571916,117.625056,25170.7856,-662.3543,24.852,0.0307544,-0.02474209
2024-09-05,2024-09-06,HON,185.440549,180.901066,124.221235,23035.654,-586.6539,22.7537,0.02814563,-0.02389396
2024-09-06,2024-09-09,LRCX,72.209774,72.213666,440.851237,31833.7684,-30.1191,31.8346,0.0429891,0.0006541
2024-09-06,2024-09-09,META,497.543933,501.738197,58.453165,29083.0175,215.9624,29.2056,0.03927442,0.00903518
2024-09-06,2024-09-09,UBER,69.600876,69.779063,338.022757,23526.6799,36.6745,23.5568,0.031771,0.00316185
2024-09-09,2024-09-10,LRCX,72.257007,71.943216,502.091167,36279.605,-193.7524,36.2008,0.06540361,-0.00374513
2024-09-09,2024-09-10,LLY,898.824681,891.342746,31.222663,28063.7002,-261.5528,27.9469,0.04337871,-0.00772895
2024-09-09,2024-09-10,ADI,213.503271,213.531426,95.186731,20322.6784,-17.6441,20.324,0.03141323,0.00073213
2024-09-10,2024-09-11,LRCX,71.986395,75.413717,504.561746,36321.5812,1692.1094,37.1862,0.06680839,0.04823945
2024-09-10,2024-09-11,LLY,891.877713,910.766788,26.942746,24029.6344,484.6395,24.2841,0.03739314,0.02179189
2024-09-10,2024-09-11,UBER,69.010695,70.088968,345.480056,23841.8187,348.4936,24.0281,0.03710088,0.01623428
2024-09-11,2024-09-12,LLY,911.313412,924.741537,38.584822,35162.8659,482.6999,35.4219,0.03884566,0.01534394
2024-09-11,2024-09-12,WFC,52.045883,49.923625,530.889503,27630.6127,-1153.7517,27.0673,0.02952621,-0.04020096
2024-09-11,2024-09-12,MDT,85.484347,85.102124,279.873438,23924.7982,-130.8454,23.8713,0.02556615,-0.00387377
2024-09-12,2024-09-13,TXN,187.408989,191.071568,168.074009,31498.5802,583.7779,31.8064,0.03667418,0.02015515
2024-09-12,2024-09-13,LLY,925.296549,913.555868,32.514046,30085.1349,-411.6313,29.8943,0.03502849,-0.012096
2024-09-12,2024-09-13,AXP,250.498207,254.125476,97.137081,24332.6645,327.8334,24.5088,0.02833082,0.01508909
2024-09-13,2024-09-16,KLAC,742.327856,726.975995,44.734059,33207.3382,-719.615,32.864,0.04311298,-0.02009293
2024-09-13,2024-09-16,INTC,19.665898,20.903727,1378.630327,27112.0032,1678.5433,27.9653,0.03519943,0.06358088
2024-09-13,2024-09-16,AXP,254.277997,256.176145,102.631838,26097.0183,168.616,26.1944,0.03388168,0.00806952
2024-09-16,2024-09-17,ANET,89.816938,90.210432,347.029506,31169.1276,105.3166,31.2374,0.03294967,0.00498387
2024-09-16,2024-09-17,BAC,37.801216,38.213333,749.167086,28319.4267,280.2706,28.4738,0.02993718,0.01150894
2024-09-16,2024-09-17,BA,155.596668,156.343082,180.308165,28055.3497,106.462,28.1226,0.02965801,0.00540017
2024-09-17,2024-09-18,MU,88.215475,86.791383,369.393344,32586.2093,-558.3731,32.3232,0.03382811,-0.01555284
2024-09-17,2024-09-18,TSLA,227.938356,227.131837,134.460539,30648.7141,-139.0395,30.5945,0.03181678,-0.00294026
2024-09-17,2024-09-18,AMAT,186.106566,183.578668,133.262519,24801.0297,-361.5066,24.6326,0.02574623,-0.01299104
2024-09-18,2024-09-19,SCHW,62.384539,63.52423,509.732783,31799.4448,548.8478,32.0899,0.02989412,0.01887995
2024-09-18,2024-09-19,CVX,134.913921,135.797719,212.072288,28611.5039,158.7238,28.7052,0.02689719,0.00715494
2024-09-18,2024-09-19,KLAC,722.117632,762.544728,36.789138,26566.0853,1459.9683,27.3097,0.02497433,0.05661787
2024-09-19,2024-09-20,INTC,21.146341,21.833448,1734.53183,36679.0022,1154.5336,37.2749,0.05647043,0.03311262
2024-09-19,2024-09-20,NVDA,117.85862,115.919231,232.651731,27420.0119,-478.3964,27.1944,0.03946836,-0.01586491
2024-09-19,2024-09-20,AMD,156.787027,155.903212,159.742551,25045.5598,-166.1579,24.975,0.03605057,-0.00504025
2024-09-20,2024-09-23,UBER,73.962184,74.687586,442.252036,32709.9267,287.94,32.8703,0.02760998,0.0104138
2024-09-20,2024-09-23,NVDA,115.988804,116.179049,266.442987,30904.4034,19.7597,30.9297,0.02608596,0.00224137
2024-09-20,2024-09-23,AMD,155.996782,156.702975,166.927951,26040.2231,91.7842,26.0992,0.02198018,0.00512987
2024-09-23,2024-09-24,NVDA,116.248777,120.785844,329.38922,38291.094,1455.4224,39.0383,0.04799678,0.03965254
2024-09-23,2024-09-24,KLAC,751.978578,760.481565,36.295101,27293.1381,281.1693,27.4474,0.02979618,0.01191445
2024-09-23,2024-09-24,PANW,172.136632,171.708467,142.153385,24469.8049,-85.3046,24.4394,0.02671392,-0.00188867
2024-09-24,2024-09-25,GE,187.783048,187.343865,188.407072,35379.6543,-118.0835,35.3383,0.0435746,-0.00174
2024-09-24,2024-09-25,NVDA,120.858337,123.423998,246.025649,29734.2507,601.1687,30.0499,0.03662156,0.02184159
2024-09-24,2024-09-25,NFLX,72.247666,72.134351,368.059216,26591.4192,-68.2769,26.5706,0.03275076,-0.00096918
2024-09-25,2024-09-26,NVDA,123.498075,123.953632,297.538146,36745.3883,98.7325,36.8132,0.03770424,0.00429117
2024-09-25,2024-09-26,WFC,51.929644,54.589747,534.943191,27779.4097,1394.5128,28.4909,0.0285043,0.05185605
2024-09-25,2024-09-26,ADBE,518.055394,515.225391,53.26715,27595.3346,-178.2662,27.52,0.02831542,-0.00486584
2024-09-26,2024-09-27,NVDA,124.028027,121.31547,313.012147,38822.279,-887.461,38.3977,0.03792904,-0.02128346
2024-09-26,2024-09-27,CVX,133.06771,136.265977,218.755696,29109.3195,670.1801,29.4591,0.02601352,0.02464949
2024-09-26,2024-09-27,WFC,54.622511,54.115387,466.904815,25503.5132,-262.1637,25.3851,0.0227912,-0.00868955
2024-09-27,2024-09-30,COP,99.769844,100.243211,385.88021,38499.2082,144.0724,38.5905,0.03275588,0.00534762
2024-09-27,2024-09-30,CAT,382.373711,382.183498,72.265285,27632.3452,-41.3713,27.6255,0.021658,0.00010243
2024-09-27,2024-09-30,RTX,117.206408,117.885293,228.862176,26824.1137,128.4693,26.9018,0.02102452,0.00639587
2024-09-30,2024-10-01,CAT,382.412877,383.424458,100.266611,38343.2431,63.0339,38.394,0.04420407,0.00324703
2024-09-30,2024-10-01,COP,100.303375,104.137534,293.937504,29482.9236,1096.957,30.0464,0.03177571,0.03884875
2024-09-30,2024-10-01,NOW,178.931669,173.383974,141.73383,25360.6707,-811.2637,24.9675,0.02733288,-0.03042298
2024-10-01,2024-10-02,CAT,383.654582,385.046561,102.215967,39215.6241,102.9957,39.2868,0.05168745,0.00423057
2024-10-01,2024-10-02,QCOM,160.325519,162.684289,207.912575,33333.6914,456.8391,33.5789,0.03940915,0.01532139
2024-10-01,2024-10-02,PANW,164.694398,166.015183,127.425398,20986.2491,147.2312,21.0704,0.02481124,0.00862461
2024-10-02,2024-10-03,CAT,385.277658,382.154179,106.092558,40875.0924,-372.0873,40.7094,0.04538312,-0.00751177
2024-10-02,2024-10-03,MDT,84.985647,83.64807,348.15255,29587.9699,-495.0361,29.3551,0.0275049,-0.01514813
2024-10-02,2024-10-03,LLY,881.803585,875.815302,26.966967,23779.5684,-185.1847,23.6988,0.02210542,-0.00619485
2024-10-03,2024-10-04,QCOM,163.362226,163.244881,242.421662,39602.5425,-68.0354,39.5883,0.04008708,-0.00011857
2024-10-03,2024-10-04,ADBE,503.951128,507.067835,55.402992,27920.4002,144.6682,28.0067,0.02464294,0.00678843
2024-10-03,2024-10-04,AMZN,182.014595,186.454042,141.018251,25667.3799,600.0626,25.9804,0.02265439,0.02500543
2024-10-04,2024-10-07,ADBE,507.372167,487.153798,71.615834,36335.8809,-1483.5673,35.6119,0.02799158,-0.03927293
2024-10-04,2024-10-07,MSFT,411.372948,404.683551,74.673578,30718.6897,-529.9901,30.4689,0.02366434,-0.01567073
2024-10-04,2024-10-07,LLY,877.934261,888.524134,30.540382,26812.4474,296.4446,26.9742,0.02065514,0.01266968
2024-10-07,2024-10-08,QCOM,161.447361,160.770587,205.772641,33221.4497,-172.4134,33.1518,0.03569258,-0.00359425
2024-10-07,2024-10-08,AMZN,180.854243,182.665185,173.534288,31384.4122,282.719,31.5415,0.03371889,0.01061946
2024-10-07,2024-10-08,MRK,103.09203,102.963776,267.179173,27544.0432,-61.7936,27.5269,0.02959286,-0.00064463
2024-10-08,2024-10-09,QCOM,160.867078,164.520713,241.749798,38889.5837,843.9342,39.3312,0.04407886,0.02332594
2024-10-08,2024-10-09,TJX,111.432475,111.885904,240.694259,26821.1571,82.2619,26.8757,0.02692116,0.00467171
2024-10-08,2024-10-09,AMZN,182.774817,185.114447,144.919727,26487.6765,312.4013,26.6572,0.02658643,0.01340848
2024-10-09,2024-10-10,MRK,104.686975,103.798723,324.036188,33922.3684,-321.6043,33.7785,0.03446262,-0.00788975
2024-10-09,2024-10-10,LRCX,81.783263,80.945077,374.106406,30595.6427,-344.0096,30.4389,0.03108291,-0.00965484
2024-10-09,2024-10-10,QCOM,164.619455,162.87762,175.671847,28919.0036,-334.7572,28.766,0.02937957,-0.00998714
2024-10-10,2024-10-11,MRK,103.861021,104.111823,335.590798,34854.8029,49.2701,34.8969,0.02717899,0.00301642
2024-10-10,2024-10-11,ADBE,503.721078,495.271387,62.991974,31730.3849,-563.727,31.4643,0.02474264,-0.01618443
2024-10-10,2024-10-11,MSFT,411.155445,411.38317,62.875139,25851.4557,-11.5403,25.8586,0.02015838,0.00115438
2024-10-11,2024-10-14,ABBV,183.192835,184.459462,177.406423,32499.5855,192.0958,32.6119,0.02462132,0.0075185
2024-10-11,2024-10-14,PANW,186.655986,186.898915,167.769206,31315.1267,9.4205,31.3355,0.02372398,0.00190244
2024-10-11,2024-10-14,BA,151.06531,148.945308,185.985347,28095.9341,-422.1881,27.8988,0.02128516,-0.01344192
2024-10-14,2024-10-15,INTC,23.447033,22.653202,1414.477823,33165.3075,-1155.4598,32.6039,0.02982538,-0.03327648
2024-10-14,2024-10-15,BX,148.377828,149.080385,207.54707,30795.3836,114.9452,30.8683,0.02769412,0.00533794
2024-10-14,2024-10-15,ABBV,184.570171,182.330706,150.23708,27729.2835,-364.0117,27.5611,0.02493679,-0.01154051
2024-10-15,2024-10-16,BX,149.16986,152.313393,206.519843,30806.536,618.0708,31.1311,0.02835546,0.02168634
2024-10-15,2024-10-16,INTC,22.666798,22.303306,1317.699781,29868.0346,-508.6011,29.6285,0.02749163,-0.01544574
2024-10-15,2024-10-16,ABBV,182.440137,181.000249,162.304623,29610.8778,-263.1946,29.494,0.02725493,-0.00729694
2024-10-16,2024-10-17,KLAC,674.25898,661.67241,53.843818,36304.6778,-713.6748,35.9658,0.04855425,-0.01807829
2024-10-16,2024-10-17,BX,152.404808,161.869332,206.009257,31396.8012,1917.4079,32.3717,0.0412742,0.06273867
2024-10-16,2024-10-17,INTC,22.316692,22.433269,1005.088209,22430.2445,94.6804,22.4888,0.02948678,0.00582703
2024-10-17,2024-10-18,KLAC,662.069533,669.836586,57.414702,38012.525,407.7076,38.2355,0.03148041,0.0123387
2024-10-17,2024-10-18,PGR,231.54976,231.208327,118.551046,27450.4662,-67.9075,27.4302,0.02076605,-0.00087526
2024-10-17,2024-10-18,DE,397.105455,400.383999,65.391058,25967.1458,188.3132,26.0743,0.01964393,0.00886124
2024-10-18,2024-10-21,LRCX,71.893472,71.850349,558.976683,40186.7743,-64.2796,40.1747,0.04741768,0.0
2024-10-18,2024-10-21,AMAT,183.905955,181.921802,148.333813,27279.4714,-321.4493,27.1323,0.02656365,-0.01019525
2024-10-18,2024-10-21,KLAC,670.238609,664.989408,36.542217,24492.0045,-216.2135,24.3961,0.02384933,-0.00723636
2024-10-21,2024-10-22,AMAT,182.030988,180.481896,197.588756,35967.2765,-341.8974,35.8142,0.03076821,-0.00791497
2024-10-21,2024-10-22,KLAC,665.388522,661.504675,45.22519,30092.3224,-205.6522,30.0045,0.02574248,-0.00524028
2024-10-21,2024-10-22,BAC,40.372853,40.870391,626.5772,25296.709,286.2938,25.4526,0.02164007,0.01293117
2024-10-22,2024-10-23,PLD,112.98186,114.708322,275.347849,31109.312,444.0306,31.347,0.02677512,0.01589023
2024-10-22,2024-10-23,AMAT,180.590217,180.18601,166.577967,30082.3512,-97.3808,30.0487,0.02589123,-0.00163942
2024-10-22,2024-10-23,LRCX,72.051394,71.870072,415.028594,29903.3888,-105.1195,29.8658,0.0257372,-0.00191789
2024-10-23,2024-10-24,COP,99.569771,99.376741,311.741946,31040.0743,-91.1857,31.01,0.02763775,-0.00133963
2024-10-23,2024-10-24,LRCX,71.913207,75.529672,419.373391,30158.4856,1485.7323,30.9168,0.02685279,0.05091966
2024-10-23,2024-10-24,LLY,893.856883,881.521841,33.716832,30138.0225,-445.8286,29.9301,0.02683457,-0.0132079
2024-10-24,2024-10-25,LRCX,75.575003,76.624581,536.144457,40519.1192,521.9248,40.8005,0.03686609,0.01449641
2024-10-24,2024-10-25,KLAC,658.029442,664.456304,41.919553,27584.3001,241.6922,27.719,0.02053083,0.01037287
2024-10-24,2024-10-25,PANW,182.34468,183.165035,132.616323,24181.8811,84.5562,24.2363,0.01799843,0.0051018
2024-10-25,2024-10-28,DHR,243.128214,241.724839,144.675613,35174.7236,-238.1074,35.0732,0.02696825,-0.00517544
2024-10-25,2024-10-28,SYK,347.939495,350.874839,83.98012,29220.0006,217.1673,29.3433,0.0224028,0.00904161
2024-10-25,2024-10-28,COP,99.617416,98.319853,288.491215,28738.7493,-402.8871,28.5516,0.02203383,-0.0124331
2024-10-28,2024-10-29,HON,188.290952,188.068456,165.982779,31253.0555,-68.1652,31.2346,0.0274212,-0.00058219
2024-10-28,2024-10-29,TMO,549.805334,544.732039,55.935973,30753.8961,-314.3917,30.612,0.02698324,-0.0086328
2024-10-28,2024-10-29,COP,98.378862,97.42482,312.086295,30702.6947,-328.2975,30.5538,0.02693832,-0.00910328
2024-10-29,2024-10-30,DHR,240.453096,239.942507,140.491191,33781.5418,-105.4789,33.7457,0.0334336,-0.00152454
2024-10-29,2024-10-30,TMO,545.058976,547.566272,58.654277,31970.0402,115.02,32.0436,0.03164076,0.00520298
2024-10-29,2024-10-30,HON,188.181331,186.443242,139.478289,26247.21,-268.5517,26.126,0.02597687,-0.00864161
2024-10-30,2024-10-31,MS,113.218251,112.429823,310.943385,35204.4662,-280.2384,35.0819,0.03309922,-0.00636779
2024-10-30,2024-10-31,HON,186.555141,187.794566,160.347826,29913.7113,168.7261,30.0131,0.02812485,0.00724792
2024-10-30,2024-10-31,DHR,240.086515,243.249727,110.883378,26621.6038,323.9506,26.797,0.02502962,0.01378338
2024-10-31,2024-11-01,AMAT,179.188903,180.856661,207.436617,37170.3398,308.6108,37.3433,0.03127334,0.00991303
2024-10-31,2024-11-01,NEE,75.846798,73.983993,390.505183,29618.5678,-756.6898,29.2549,0.02428356,-0.02397466
2024-10-31,2024-11-01,SPGI,475.039167,477.669827,52.971026,25163.312,114.1158,25.233,0.0206308,0.00614128
2024-11-01,2024-11-04,AMAT,180.965208,179.318121,193.822746,35075.1735,-354.1583,34.9156,0.03995934,-0.00850696
2024-11-01,2024-11-04,LRCX,73.827997,73.162272,398.640471,29430.8273,-294.683,29.2981,0.03352902,-0.00842247
2024-11-01,2024-11-04,PLTR,41.932574,41.397577,646.567879,27112.2555,-372.8514,26.9393,0.03088759,-0.01216599
2024-11-04,2024-11-05,PLTR,41.422423,51.114662,861.570353,35688.3315,8310.6824,39.8636,0.03622255,0.23472594
2024-11-04,2024-11-05,AMAT,179.425745,183.913986,153.252518,27497.4471,659.993,27.8414,0.02790906,0.02562967
2024-11-04,2024-11-05,KLAC,655.273427,661.751488,41.831065,27410.7851,243.4379,27.5463,0.0278211,0.01049216
2024-11-05,2024-11-06,AMD,141.702502,145.056476,328.7478,46584.3856,1055.476,47.1357,0.0571712,0.02428351
2024-11-05,2024-11-06,AMAT,184.024368,184.939695,150.491456,27694.0951,109.9859,27.763,0.02503855,0.00557711
2024-11-05,2024-11-06,ICE,155.17604,153.059049,164.536975,25532.1962,-373.6814,25.358,0.02308396,-0.01305052
2024-11-06,2024-11-07,AMD,145.143536,149.775061,256.166782,37180.9526,1148.6687,37.7742,0.03896963,0.0325293
2024-11-06,2024-11-07,AMAT,185.050692,191.419287,192.26209,35578.2328,1188.249,36.1905,0.03728981,0.03503624
2024-11-06,2024-11-07,PANW,192.647773,193.44195,144.529426,27843.2721,86.8812,27.9007,0.02918274,0.00472508
2024-11-07,2024-11-08,MU,112.879305,111.309569,329.240559,37164.4455,-553.7268,36.906,0.05162893,-0.01331449
2024-11-07,2024-11-08,JPM,229.335824,229.780014,154.565948,35447.5091,33.1748,35.4818,0.04924376,0.00253819
2024-11-07,2024-11-08,AMD,149.864953,147.905612,202.944726,30414.3019,-427.8535,30.2155,0.04225162,-0.01248171
2024-11-08,2024-11-11,AMD,147.994382,147.305801,273.786683,40518.891,-228.9489,40.4246,0.03521428,-0.00405536
2024-11-08,2024-11-11,PANW,195.758707,198.990288,166.406228,32575.468,504.9109,32.8443,0.02831079,0.01711807
2024-11-08,2024-11-11,GE,183.252042,182.89438,158.161905,28983.492,-85.5237,28.9552,0.02518906,-0.00135274
2024-11-11,2024-11-12,LRCX,75.180186,74.671485,516.522212,38832.2359,-301.456,38.7009,0.04103439,-0.0061703
2024-11-11,2024-11-12,AMD,147.394211,143.586916,217.045972,31991.3198,-857.9362,31.5781,0.03380553,-0.02524602
2024-11-11,2024-11-12,AMAT,186.077001,184.042213,168.987749,31444.7335,-375.127,31.2728,0.03322795,-0.01034157
2024-11-12,2024-11-13,INTC,24.167248,24.912524,1544.200459,37319.0752,1112.9614,37.8945,0.02778351,0.03145696
2024-11-12,2024-11-13,BA,145.213549,139.92801,221.735112,32198.9426,-1203.6025,31.6129,0.02397164,-0.03582005
2024-11-12,2024-11-13,PEP,155.349997,155.634723,200.938222,31215.7522,25.9679,31.2444,0.02323967,0.00243408
2024-11-13,2024-11-14,PLD,110.730574,108.936357,335.93031,37197.7561,-639.6283,36.8964,0.03201537,-0.01561299
2024-11-13,2024-11-14,AMD,139.341793,138.798344,237.192874,33050.8803,-161.8886,32.9864,0.02844624,-0.00330227
2024-11-13,2024-11-14,ANET,98.819638,96.458557,307.83821,30420.4605,-756.888,30.057,0.02618229,-0.02330699
2024-11-14,2024-11-15,QCOM,158.575085,155.126132,217.840535,34544.0814,-785.4902,34.1684,0.03450093,-0.02116253
2024-11-14,2024-11-15,ABBV,161.301596,156.795293,203.722579,32860.7771,-950.4372,32.4018,0.03281973,-0.02735371
2024-11-14,2024-11-15,BA,138.181441,140.147945,229.450736,31705.8334,419.2844,31.9314,0.03166623,0.01484004
2024-11-15,2024-11-18,LLY,739.663178,720.397158,46.762336,34588.3783,-935.062,34.1379,0.03876869,-0.02546247
2024-11-15,2024-11-18,MU,95.889186,96.995497,335.923624,32211.4429,339.2389,32.3973,0.03610448,0.0121445
2024-11-15,2024-11-18,BA,140.232059,143.826834,221.020983,30994.2277,763.1291,31.3915,0.03474015,0.02625004
2024-11-18,2024-11-19,PM,124.751724,122.613451,284.929483,35545.4442,-644.4979,35.2408,0.04565937,-0.01655034
2024-11-18,2024-11-19,AMGN,268.194936,269.178255,117.956888,31635.4401,84.2958,31.6934,0.04063684,0.00426882
2024-11-18,2024-11-19,GS,570.558873,563.806576,53.947931,30780.4705,-394.8708,30.5983,0.0395386,-0.01124145
2024-11-19,2024-11-20,UNH,556.819706,579.150177,64.360953,35837.447,1400.6544,36.5561,0.03723861,0.04072784
2024-11-19,2024-11-20,UBER,69.150736,69.579118,467.253561,32310.9278,167.7521,32.411,0.03357421,0.0067988
2024-11-19,2024-11-20,VZ,38.000117,38.239993,759.416282,28857.9072,153.2173,28.949,0.02998619,0.00691649
2024-11-20,2024-11-21,UBER,69.620878,69.619107,520.691333,36250.988,-37.1727,36.2505,0.03796058,0.00057473
2024-11-20,2024-11-21,ADBE,499.64985,504.28867,63.450295,31702.9303,262.4844,31.8501,0.03319804,0.00988989
2024-11-20,2024-11-21,IBM,208.071375,215.504726,147.901111,30773.9874,1068.0772,31.3237,0.03222529,0.03634663
2024-11-21,2024-11-22,UNH,576.593092,569.862498,64.224858,37031.6093,-469.0869,36.8155,0.03410979,-0.01107987
2024-11-21,2024-11-22,IBM,215.634068,216.057066,150.637768,32482.6346,31.205,32.5145,0.02991974,0.00256301
2024-11-21,2024-11-22,INTU,671.133286,632.60368,45.456024,30507.0508,-1781.0341,29.6313,0.02810003,-0.05684404
2024-11-22,2024-11-25,BA,149.33478,153.054076,243.100982,36303.4318,867.409,36.7555,0.02793775,0.02552089
2024-11-22,2024-11-25,UBER,71.531455,73.397972,449.984376,32188.0372,807.2955,32.608,0.0247707,0.02670949
2024-11-22,2024-11-25,MDT,82.210653,81.722943,356.534204,29310.9097,-203.1093,29.224,0.02255657,-0.00533582
2024-11-25,2024-11-26,TXN,195.332645,193.310749,196.096687,38304.0846,-434.5931,38.1058,0.02986719,-0.00975708
2024-11-25,2024-11-26,ABBV,168.366794,172.143166,183.465732,30889.5372,661.5988,31.236,0.02408577,0.02304307
2024-11-25,2024-11-26,INTC,24.877462,24.042784,1209.14072,30080.3521,-1038.8184,29.5757,0.02345482,-0.03297151
2024-11-26,2024-11-27,ABBV,172.246483,173.98679,201.061744,34632.1783,315.102,34.8071,0.02977607,0.01070983
2024-11-26,2024-11-27,UBER,71.581466,71.598517,466.680879,33405.7013,-25.4522,33.4097,0.02872157,0.00083853
2024-11-26,2024-11-27,VRTX,467.210128,464.42063,65.119054,30424.2816,-211.983,30.3335,0.0261582,-0.00537395
2024-11-27,2024-11-29,MS,126.974368,127.285076,316.879601,40235.5871,58.1722,40.2848,0.05550714,0.00304866
2024-11-27,2024-11-29,CRM,326.776837,326.561029,91.954326,30048.5438,-49.883,30.0386,0.03944471,-6.063e-05
2024-11-27,2024-11-29,KLAC,626.15709,640.521653,45.125572,28255.6972,619.6293,28.5798,0.03709124,0.02355478
2024-11-29,2024-12-02,MS,127.36147,126.724133,282.411668,35968.365,-215.8698,35.8784,0.04389901,-0.00440698
2024-11-29,2024-12-02,CRM,326.757025,327.570462,105.579626,34498.8843,51.3405,34.5418,0.04210552,0.0030911
2024-11-29,2024-12-02,NOW,209.950967,209.623099,136.700952,28700.4971,-73.498,28.6781,0.03502865,-0.0009624
2024-12-02,2024-12-03,WFC,73.340591,72.186628,525.393814,38532.6931,-644.515,38.2296,0.05562313,-0.01514358
2024-12-02,2024-12-03,MS,126.80019,126.153526,272.074379,34499.0829,-210.3518,34.4111,0.04980049,-0.00450275
2024-12-02,2024-12-03,SCHW,80.158684,79.844844,323.083439,25897.9433,-127.2436,25.8472,0.03738448,-0.0033174
2024-12-03,2024-12-04,MS,126.229241,125.7183,301.18617,38018.5015,-191.8297,37.9416,0.04993353,-0.00344997
2024-12-03,2024-12-04,WFC,72.229953,71.135079,435.250217,31438.1026,-507.744,31.1998,0.04129083,-0.01456709
2024-12-03,2024-12-04,SCHW,79.892766,80.228717,356.615577,28491.0047,91.2544,28.5509,0.03742011,0.00480773
2024-12-04,2024-12-05,WFC,71.177772,71.719284,558.436709,39748.281,262.5007,39.8995,0.05748884,0.00821263
2024-12-04,2024-12-05,MS,125.793754,126.037464,264.024905,33212.6839,31.1007,33.2449,0.04570064,0.00253872
2024-12-04,2024-12-05,QCOM,157.965787,155.830739,154.326611,24378.3246,-353.7082,24.2136,0.03354456,-0.01292382
2024-12-05,2024-12-06,ADI,209.58605,213.023751,186.741944,39138.5065,602.5034,39.4595,0.03899176,0.01701236
2024-12-05,2024-12-06,CRM,357.839497,358.228528,82.926946,29674.5367,2.5705,29.6907,0.02914105,0.001688
2024-12-05,2024-12-06,WFC,71.762329,72.371631,396.67246,28466.1395,213.1063,28.587,0.02795437,0.00909583
2024-12-06,2024-12-09,TXN,185.870671,186.095857,181.85412,33801.3472,7.1293,33.8218,0.03165119,0.00181243
2024-12-06,2024-12-09,WFC,72.415067,70.706687,450.26921,32606.2749,-801.4525,32.2217,0.03053214,-0.02300548
2024-12-06,2024-12-09,SCHW,80.237473,80.228717,394.949383,31689.7407,-35.1466,31.688,0.02967391,0.00049098
2024-12-09,2024-12-10,DIS,112.890157,112.94058,320.022318,36127.3698,-19.9991,36.1354,0.04804659,0.0010471
2024-12-09,2024-12-10,WFC,70.749124,70.151701,504.991279,35727.6904,-337.2703,35.5768,0.04751505,-0.00784914
2024-12-09,2024-12-10,MU,102.338859,97.58238,248.320463,25412.8328,-1205.9532,24.8223,0.03379709,-0.04590545
2024-12-10,2024-12-11,DIS,113.008364,112.822443,378.876584,42816.2231,-113.2221,42.781,0.06189642,-0.001046
2024-12-10,2024-12-11,CMCSA,34.890332,35.028181,768.592755,26816.456,79.0806,26.8694,0.03065148,0.00455348
2024-12-10,2024-12-11,MU,97.640947,101.521491,267.019032,26071.9913,1009.5888,26.5901,0.02980055,0.04036702
2024-12-11,2024-12-12,DIS,112.890157,113.107926,317.532343,35846.2761,33.2678,35.8809,0.045918,0.00253037
2024-12-11,2024-12-12,UBER,61.198354,61.391577,560.781892,34318.9289,73.9826,34.3731,0.04396151,0.00375939
2024-12-11,2024-12-12,PG,163.881486,163.994366,161.793216,26514.9127,-8.2608,26.524,0.0339648,0.00128938
2024-12-12,2024-12-13,DIS,113.175811,111.572254,369.629092,41833.0723,-634.2581,41.5367,0.05790017,-0.01357705
2024-12-12,2024-12-13,QCOM,153.834131,154.023603,181.455748,27914.0873,6.4496,27.9313,0.03256124,0.00183259
2024-12-12,2024-12-13,UNH,499.630527,503.900451,54.103875,27031.9477,203.872,27.1475,0.03153224,0.00915147
2024-12-13,2024-12-16,TSLA,436.36088,462.881083,90.674785,39566.9291,2363.9444,40.7693,0.0852165,0.06141251
2024-12-13,2024-12-16,UBER,59.947979,60.231925,487.193074,29206.2403,109.061,29.2754,0.05907685,0.00533956
2024-12-13,2024-12-16,MU,102.020366,107.688776,270.357797,27582.0013,1504.1506,28.3483,0.05579143,0.05619508
2024-12-16,2024-12-17,PLTR,75.772725,74.367682,487.229434,36918.7019,-721.1545,36.5764,0.06260936,-0.0179538
2024-12-16,2024-12-17,UBER,60.268075,61.01169,544.368889,32808.065,371.7903,33.0105,0.05563825,0.01294604
2024-12-16,2024-12-17,UNH,482.910302,470.054132,63.377318,30605.5598,-844.9878,30.1982,0.05190308,-0.02603807
2024-12-17,2024-12-18,PLTR,74.412316,71.488549,574.898169,42779.5045,-1722.8075,41.9391,0.07232947,-0.03871484
2024-12-17,2024-12-18,UNH,470.336249,483.801776,65.210617,30670.9169,846.9854,31.11,0.04385053,0.02924694
2024-12-17,2024-12-18,TSLA,480.003943,439.997966,53.515296,25687.5533,-2165.5488,24.6171,0.03672577,-0.08279494
2024-12-18,2024-12-19,TSLA,440.262044,436.039162,100.772704,44366.3964,-469.7048,44.1536,0.1022231,-0.00899732
2024-12-18,2024-12-19,AVGO,220.628669,215.270391,125.71285,27735.8587,-701.0034,27.3991,0.04790416,-0.0237008
2024-12-18,2024-12-19,CVX,136.403778,133.549706,175.906775,23994.3487,-525.794,23.7433,0.04144199,-0.02033608
2024-12-19,2024-12-20,TSLA,436.300864,420.93368,93.135026,40634.8925,-1471.1425,39.9193,0.10556413,-0.03464249
2024-12-19,2024-12-20,AVGO,215.399592,217.705863,135.666843,29222.5827,283.5055,29.379,0.06450703,0.01131355
2024-12-19,2024-12-20,ADBE,437.521232,447.035862,56.094709,24542.6263,508.911,24.8095,0.05417632,0.0223599
2024-12-20,2024-12-23,TSLA,421.186316,430.470826,105.831625,44574.8324,937.5287,45.0661,0.14068887,0.02265712
2024-12-20,2024-12-23,PLTR,80.574168,80.665795,348.548699,28084.0214,3.8366,28.1,0.06343033,0.00173804
2024-12-20,2024-12-23,BX,163.867047,165.062878,128.534212,21062.5217,132.5658,21.1394,0.04757163,0.00790213
